team,elo
Scotland,1740.5068213228244
England,2186.371348401247
Wales,1738.2819389061417
Northern Ireland,1546.6897468408174
United States,1880.8320686268278
Canada,1884.6563060240155
Uruguay,1983.8603213972144
Argentina,2255.1015138968514
Austria,1843.9511094701015
Hungary,1716.4137963696835
Czechoslovakia,1773.4253276058128
Belgium,2037.216281012221
France,2175.7065861166334
Switzerland,2000.4288621096202
Guernsey,1746.7799379489954
Alderney,1115.7784363282435
Jersey,1779.9808132500227
Netherlands,2049.8441078743604
Guyana,1479.9083335988987
Trinidad and Tobago,1551.9842007478137
Germany,1966.5412982866785
Sweden,1767.8431057087018
Norway,1931.513688041526
Denmark,1914.674027029724
Italy,1959.1674456406984
Chile,1740.4125761031917
Russia,1803.26344857092
Finland,1590.2014594973164
Luxembourg,1297.6791682126418
Catalonia,1546.014872465233
Philippines,1340.1655085521031
China PR,1589.0143038656072
Brazil,2114.294615283573
Basque Country,1676.91309762294
Japan,1985.778905818082
Paraguay,1781.3318896851401
Romania,1696.3433187936937
Greece,1763.7459458683036
Yugoslavia,1798.385032197958
Spain,2318.1581639985925
Egypt,1885.674906719486
Estonia,1351.277138778028
Suriname,1538.5145324003777
Provence,1432.8866814164296
Costa Rica,1757.2145628184574
El Salvador,1503.6877620147277
Guatemala,1627.1153072357474
Poland,1721.0977668313765
Portugal,2063.1032009916894
Brittany,1501.3115278787798
New Zealand,1724.84387252422
Australia,1874.9807320821292
Latvia,1277.038464344928
Galicia,1506.5911830766938
Central Spain,1497.1596393545628
Mexico,2023.685551444337
Andalusia,1539.816028526213
Asturias,1508.7227270339934
Lithuania,1257.0466832688849
Turkey,1831.8428017062301
Aruba,1226.291538829024
Curaçao,1547.5506011927985
Bulgaria,1489.5435523169172
Republic of Ireland,1676.9046390294352
South Africa,1723.7523166592769
Haiti,1647.678689352898
Jamaica,1681.9654008832947
Kenya,1471.3143913321085
Uganda,1537.042785458147
Bolivia,1621.8724792496903
Peru,1758.7472181517317
Honduras,1678.90364990833
Belarus,1454.6144421280624
Ukraine,1789.5291638442095
Barbados,1199.9209702519493
Nicaragua,1477.45413291207
Cuba,1401.610885404702
Martinique,1504.3558587340503
Dominica,1226.3204130691613
Silesia,1504.3124143293123
Guadeloupe,1523.5356509889518
Israel,1600.6198896346298
Indonesia,1462.16562655892
French Guiana,1477.120062692059
Saint Lucia,1264.555078261206
Colombia,2046.3097067977374
Panama,1823.0705513237665
Venezuela,1725.3438034185058
Ecuador,1877.5851883520247
Saint Kitts and Nevis,1329.0088072635135
Grenada,1286.6517110016164
India,1339.5978411637468
Slovakia,1682.8353727725885
Manchukuo,1460.4075290647008
Croatia,1970.3397517996211
Lebanon,1443.4817019250202
Puerto Rico,1364.661054766659
Afghanistan,1272.1899072127258
Iran,1924.393661921533
Mongolia,1102.492448688999
Tanzania,1397.340110838588
Zimbabwe,1450.6584006115995
Zambia,1583.3874798197387
Iceland,1555.1427531418276
Albania,1609.900842533824
Montenegro,1475.117196648307
Madagascar,1452.6916491597951
Mauritius,1185.7240133361415
Réunion,1582.439932397651
Zanzibar,1502.2821000868516
Djibouti,1050.7097284407423
Ethiopia,1380.295709716367
DR Congo,1733.7273894942377
South Korea,1889.0813993814863
Vietnam,1467.250863408744
Macau,959.1091774842448
Dominican Republic,1491.1978716337226
Cyprus,1270.3002114125943
Sierra Leone,1426.0478548891351
Nigeria,1886.6569306892948
Syria,1601.9837707836325
Serbia,1806.1719766277904
Taiwan,1121.4163044413613
Ghana,1701.2740574941995
Myanmar,1162.9288993458836
New Caledonia,1642.306285516527
Vanuatu,1492.9805243446788
Fiji,1551.7132311871237
Pakistan,1052.2751469809118
Sri Lanka,1050.9249198803286
German DR,1684.5245021345786
Tahiti,1562.771602515177
Gambia,1501.45666685068
Hong Kong,1351.7152609782668
Singapore,1308.846603488498
Malaysia,1435.6630880103264
Guinea-Bissau,1359.1957329641718
Saarland,1471.1376756468608
Burundi,1378.7204107831517
Cameroon,1783.4997516501835
Kernow,1550.635586199019
Cambodia,1085.9692624013226
Thailand,1549.1245103717492
Vietnam Republic,1392.5706992628045
Kyrgyzstan,1433.067524843833
Moldova,1208.9185262928409
North Vietnam,1495.3266911907742
Togo,1447.622291392238
North Korea,1481.8060527541593
Sudan,1427.2920067065463
Malta,1180.7720282444288
Tunisia,1696.7745142729223
Libya,1523.1094005348657
Malawi,1432.5617306766037
Morocco,2038.8907361203446
Benin,1522.104864766389
Cape Verde,1615.0262996975305
Ivory Coast,1818.4105296665628
Burkina Faso,1641.0507622847942
Gabon,1524.7572257128445
Congo,1372.672891321097
Mali,1758.412761050199
Central African Republic,1340.1642954552772
Iraq,1693.171672755507
Saint Vincent and the Grenadines,1358.3904602915673
Senegal,1933.567988291407
Laos,990.8276647699984
Mauritania,1388.0488156328688
Liberia,1401.5301262623473
Chad,1238.4632984952848
Niger,1420.1164440875427
Guinea,1587.9842204988208
Algeria,1843.6890873891812
Kuwait,1452.49689179004
Jordan,1730.1537041533918
Papua New Guinea,1501.8469796358438
Solomon Islands,1485.555827292373
Somalia,1055.6852083269412
Saudi Arabia,1706.0262815103824
Bermuda,1338.8591532383473
Palestine,1546.3741754961666
Yemen,1298.7916498173377
Bahrain,1576.3908600782418
Oman,1626.9841809279353
Wallis Islands and Futuna,1353.2287884901364
Corsica,1522.811182480745
Western Australia,1447.9058245378828
Eswatini,1247.424326593383
Botswana,1359.2618769599906
Qatar,1599.0715591481612
Lesotho,1315.968434764644
Bahamas,1063.9868192303616
Brunei,969.784987245693
Cook Islands,1256.0855557522384
Yemen DPR,1378.140164800253
United Arab Emirates,1688.6848923864084
Faroe Islands,1265.7043926659069
Nepal,1147.8404367967016
Antigua and Barbuda,1201.9356729984383
Bangladesh,1127.5731690474986
Seychelles,1044.5723085474062
Equatorial Guinea,1482.3578453395608
Mozambique,1475.54023385481
Guam,1076.921086355114
Angola,1556.456521442205
São Tomé and Príncipe,1199.5484786328173
Rwanda,1416.4066446246206
Northern Cyprus,1667.276764211258
Armenia,1390.8630662095914
Georgia,1644.663260136991
Azerbaijan,1337.356909149474
Kazakhstan,1371.20434813117
Comoros,1388.5062522191083
Maldives,1135.3538554053405
Tonga,1197.9336690374782
Kiribati,1335.5552327111343
Tuvalu,1311.6320389353125
Samoa,1320.548648431247
Greenland,1471.4851629844516
Liechtenstein,931.789142076998
Bhutan,934.5883045721196
South Yemen,1484.1492238662324
Niue,1456.8979329018434
American Samoa,1070.723109481022
Belize,1305.1544989696688
Cayman Islands,1121.5938713139058
Anguilla,947.5067613023735
British Virgin Islands,1036.1328982534349
Palau,1460.7458980918354
Sint Maarten,1337.7699421459631
Namibia,1408.0026637722406
Ynys Môn,1591.8753889510706
Shetland,1490.5637593906736
Åland Islands,1499.167626308382
Saint Martin,1327.166287426959
San Marino,854.2859178619174
Montserrat,1242.3321375749138
Slovenia,1618.6784708891068
Isle of Wight,1620.4351081696122
Turkmenistan,1411.842106427405
Tajikistan,1461.7027755410493
Uzbekistan,1725.6446233183763
Eritrea,1260.701262580975
Isle of Man,1666.6227592633586
Gibraltar,1132.2451022910054
North Macedonia,1550.8464828139086
Czech Republic,1726.7118697416934
Bosnia and Herzegovina,1574.129487242553
Canary Islands,1502.106708369166
Andorra,1000.5393020391958
Frøya,1291.4265934319749
Hitra,1386.4262856878458
United States Virgin Islands,1027.5949386208738
Northern Mariana Islands,1136.2989263315524
Turks and Caicos Islands,1098.782633792371
Micronesia,1405.5980995990074
Gotland,1488.4126941337315
Saare County,1356.702878094257
Rhodes,1550.5876974561552
Monaco,1433.2256227141272
Tibet,1360.9187838021849
Falkland Islands,1295.6076036465122
Orkney,1417.5499663735802
Mayotte,1472.6420666637366
Vatican City,1463.9746023979458
Timor-Leste,987.5387028003486
Sark,1396.3496663031997
Sealand,1490.8569095998032
Occitania,1680.236502579951
Chechnya,1473.2627732008702
Ambazonia,1348.2143903090334
Western Isles,1457.5871375221898
Kosovo,1619.2273951341674
Republic of St. Pauli,1494.2623139681828
Găgăuzia,1463.9778876656617
Crimea,1499.4446651149449
Sápmi,1550.4903432531255
Romani people,1479.5256952114785
Menorca,1556.2095908353797
Iraqi Kurdistan,1685.743188146221
Padania,1769.56978488417
Arameans Suryoye,1530.6167486189088
Gozo,1394.8598839458598
Two Sicilies,1409.625182987758
Saint Barthélemy,1465.227689361566
Saint Pierre and Miquelon,1361.4366671844975
Bonaire,1238.2035243939204
Chagos Islands,1412.096630137411
Raetia,1365.4070225793118
Cilento,1495.892462180101
Western Sahara,1480.473950376792
Darfur,1247.6592558068005
Tamil Eelam,1480.8031542860938
South Sudan,1255.904359844726
Abkhazia,1581.4855541763006
Artsakh,1534.8945132738577
Madrid,1495.0706949387734
Saugeais,1500.0
Ellan Vannin,1551.9787356644556
Somaliland,1489.8193544969788
Franconia,1481.387588617007
County of Nice,1549.3558458023542
South Ossetia,1476.6865907988551
Seborga,1494.5167206766691
Székely Land,1491.458290394375
Luhansk PR,1493.3204070745446
Donetsk PR,1504.262742516321
Felvidék,1503.0385597996433
Panjab,1561.9039264814437
Western Armenia,1514.2158347516042
United Koreans in Japan,1507.7288805761157
Kárpátalja,1552.670362448084
Délvidék,1502.003777139789
Barawa,1403.8754621568703
Ryūkyū,1485.914880341144
Yorkshire,1530.7654758636334
Surrey,1507.6928693220218
Cascadia,1524.8431591902718
Matabeleland,1489.0240778864836
Kabylia,1473.0161247957544
Parishes of Jersey,1510.1069430349562
Chameria,1532.989425701653
Saint Helena,1411.1058464456112
Yoruba Nation,1492.925774203864
Biafra,1506.768580260228
Mapuche,1504.273799328435
Maule Sur,1513.5014370169697
Aymara,1482.2247636545956
Elba Island,1503.3511790888233
West Papua,1500.0
Ticino,1437.7708280534305
Hmong,1477.1628378743935
Marshall Islands,1456.8690130661246
